,Codigo,Sigla,Nome
1,1212,A&Solo-Engeplus,Consórcio Água e Solo - Engeplus
2,678,ABC ENERGIA,ABC Energia Ltda.
3,360,ABRANJO,Abranjo Geração de Energia S.A.
4,31,ACCO,Anderson Clayton e Cia Ltda.
5,190,ADASA-DF,Agência Reguladora de Águas e Saneamento - DF
6,143,AES TIETÊ,AES Tietê Energia S.A.
7,284,AESA-PB,Agência Executiva de Gestão das Águas do Estado da Paraíba
8,1219,AESBRASIL,AES Brasil Operações S.A.
9,682,AFLUENTE,Afluente Geração de Energia Elétrica S.A
10,913,AGERH-ES,Agência Estadual de Recursos Hídricos
11,1232,AGRICOLA,Heidrich Industria Mercantil e Agricola S.A.
12,637,AGROENERGÉTICA,Agroenergética Mato Grosso Ltda
13,1058,AGROINDUSTRIAL,Cooperativa Agrária Agroindustrial
14,1275,AGROPECUÁRIA,DH Agropecuária Ltda.
15,145,AGROROSSATO,Agropecuária Rossato Ltda.
16,1001,ÁGUA CLARA,Água Clara Energética S.A.
17,500,ÁGUA E SOLO,Água e Solo Estudos e Projetos Ltda.
18,499,AGUALIMPA,Água Limpa Energia S.A
19,1013,AGUALIMPAMG,Água Limpa Energia S.A. (MG)
20,1103,ÁGUAS,PCH Águas do Rio Irani Energética Ltda.
21,531,ÁGUAS DA PEDRA,Energética Águas da Pedra S.A
22,292,ÁGUAS GUARIROBA,Águas Guariroba S/A
23,441,ÁGUAS IMPERADOR,Águas do Imperador
24,551,ÁGUASCLARAS,Hidrelétrica Águas Claras Ltda.
25,1174,ALEGRE,Alto Alegre Energética Ltda
26,1048,ALIANÇA,Aliança Geração de Energia S.A.
27,1055,ALTESO,Alteso Geração e Comercialização de Energia Ltda.
28,1294,ALTO BRAÇO,Alto Braço Energia Ltda.
29,1224,ALTO FARIAS,SPE Alto Farias S.A
30,1133,ALTO GUAPORÉ,PCH Alto Guaporé SPE S.A.
31,350,ALTO JAURU,Alto Jauru Energética S.A
32,225,ALTOÉ,Hidroelétrica Altoé Ltda.
33,20,ALUMINAS,Alumínio Minas Gerais S.A.
34,813,ALUPAR,Alupar Investimento S.A.
35,683,ALVORADA,Alvorada Energia S.A
36,146,AMANARY,Amanary Eletricidade Ltda.
37,194,AMAZONAS,Amazonas Geração e Transmissão de Energia S.A.
38,448,AMPARO,Amparo Energia Ltda.
39,148,AMPER,Amper Energia Ltda.
40,1,ANA,Agência Nacional de Águas 
41,110,ANEEL,Agência Nacional de Energia Elétrica
42,1116,ANEL,Anel Imobiliária Ltda.
43,768,ÂNGELO CASSOL,Hidroelétrica Ângelo Cassol Ltda.
44,340,ANGLO GOLD,Anglogold Ashanti Córrego do Sítio Mineração Ltda.
45,472,ANHAMBI,Anhambi Agroindustrial Ltda.
46,493,ANHANGUERA,Central Elétrica Anhanguera S.A
47,298,ANTÔNIO FORNASA,Antônio Fornasa Administradora de Bens Ltda.
48,230,APAC-PE,Agência Pernambucana de Águas e Clima
49,1225,APARECIDA,Companhia Energética Aparecida
50,684,APIACÁS,Apiacás Energia S.A
51,393,APROVA,Aprova Agricultura Sustentável
52,147,APROVALE,Associação de Produtores Rurais do Vale do Cedro
53,473,AQUARIUS,Aquarius Energética S.A
54,149,ARAPUCEL,Arapucel Ombreiras S.A.
55,471,ARATU,Aratu Geração S.A
56,475,ARCELOR,Arcelor Mittal Brasil S.A.
57,1007,ARCEZZIL,Arcezzil Geração de Energia Elétrica Ltda.
58,1088,AREADO,Areado Energia S.A.
59,336,AREAL ENERGIAS,Areal Energias Renováveis Ltda.
60,476,AREIA,Areia Energia S.A
61,552,AREIA BRANCA,Hidrelétrica Areia Branca S.A
62,902,ARGENTINA,Argentina
63,1080,ARGENTUM,Argentum Energia SPE Ltda
64,1089,ARMANDO RIBEIRO,Central Geradora Hidrelétrica Armando Ribeiro S.A.
65,288,ARROSSENSAL,Arrossensal Agropecuária e Comercial S.A.
66,401,ASEA,Água e Solo Estudos Ambientais
67,950,ASSET,Asset Allocation Assessoria e Participações Ltda.
68,1131,AT&T,AT&T Energia S.A.
69,1193,ATIAIA,Atiaia Energia S.A.
70,477,AUTÓDROMO,Autódromo Energética S.A
71,150,BAESA,Energética Barra Grande S.A-BAESA
72,685,BAHIAPEQUENA,Bahia Pequena Central Hidrelétrica S.A
73,728,BANDEIRANTE,Companhia Energética Bandeirante S.A.
74,1293,BÁRBARA,Santa Bárbara Energia S.A.
75,326,BARRA GRANDE,Madereira Barra Grande Ltda
76,1095,BARTOLOMEU,São Bartolomeu Geradora de Energia Renovável Ltda.
77,302,BCE,Brasil Central Energia ltda.
78,681,BCENG,Brasil Central Engenharia Ltda.
79,479,BCSERVICE,BC Service Energética S.A.
80,1065,BELA VISTA,Bela Vista Energética S.A.
81,151,BELGO MINEIRA,Companhia Siderúrgica Belgo Mineira
82,559,BERGAMIN,Hidroelétrica Bergamin Ltda.
83,446,BJ. AGROP. LTDA,Bom Jesus Agropecuária Ltda.
84,398,BME CAP. CONV.,Capão da Convenção Energia S.A-BME
85,422,BME ENERGIA,BME Energia S.A.
86,480,BOA FÉ,Boa Fé Energética S.A
87,481,BOA SORTE,Boa Sorte Energética S.A
88,1076,BOA VISTA,Boa Vista Energética S.A.
89,1052,BOA VISTA 2,SPE Boa Vista 2 Energia S.A.
90,905,BOLÍVIA,Bolívia
91,1173,BOM JESUS,Bom Jesus Energia S.A.
92,1229,BOM RETIRO,Bom Retiro Geração De Energia Ltda
93,482,BONANZA,Bonanza Energética Ltda.
94,1238,BONET,Paulo Roberto Bonet
95,155,BONET,Bonet Madeiras e Papéis Ltda.
96,409,BONFANTE,Bonfante Energética S.A
97,1185,BORTOLON,Bortolon Hidrelétrica Ltda.
98,318,BRAÇO NORTE,Braço Norte Energia S.A.
99,153,BRAGAGNOLO,Avelino Bragagnolo S.A Industria e Comércio
100,154,BRASCAN,Brascan Energética
101,774,BRASIL FOODS,Brasil Foods
102,478,BRAÚNA,Barra do Braúna Energética S.A
103,329,BRENNAND,Brennand Energia Manopla S.A
104,1130,BRITO,Brito Energética Ltda.
105,540,BRK,BRK Ambiental - Cachoeiro de Itapemirim S.A.
106,467,BROOKFIELD,Brookfield Energia Renovável  S.A
107,361,BROOKFIELD M.G.,Brookfield Energia Renovavel Minas Gerais S.A.
108,1287,BSBIOS,Bsbios Exportação E Importação Ltda.
109,156,BT GERADORA,Bt Geradora de Energia Elétrica S.A
110,339,BURITI,Buriti Energia S.A
111,1233,BURITIRANA,Central Hidrelétrica Buritirana S.A
112,1127,BURITIZAL,Hidroelétrica Buritizal Ltda.
113,530,C TABOCA,Centrais Elétricas Taboca Ltda.
114,1143,C2LG GERAÇÃO,C2LG Geração de Energia Ltda.
115,1234,CABEÇA PATO,Cabeça de Pato Geração de Energia SPE S.A.
116,1235,CABO,CGH Cabo Verde - Geração De Energia Ltda.
117,1170,CABUÍ,PCH Cabuí SPE S.A.
118,157,CAÇADOR,Caçador Energética S.A
119,160,CACHDOURADA,ENEL GREEN POWER CACHOEIRA DOURADA
120,769,CACHIMBO ALTO,Hidroelétrica Cachimbo Alto Ltda.
121,1298,CACHOEIRA,Cachoeira Parecis S/A
122,553,CACHOEIRÃO,Hidrelétrica Cachoeirão S.A
123,1237,CACHOEIRINHA,Cachoeirinha Energia S.A.
124,1186,CADEADO,Boa Vista do Cadeado Energia Ltda.
125,819,CAERN,Companhia de Águas e Esgotos do Rio Grande do Norte
126,77,CAESB,Companhia de Saneamento Ambiental do Distrito Federal
127,83,CAGEPA,Cia de Águas e Esgoto da Paraíba
128,458,CAIBI,Central Elétrica Caibi Ltda.
129,141,CAIUÁ,Caiuá Serviços de Eletricidade S.A.
130,1040,CAJÚ,Cajú Energia Ltda.
131,484,CALDAS,Caldas Energética Ltda.
132,513,CALDEIRÃO S.A.,Empresa de Energia Cachoeira do Caldeirão S.A.
133,321,CALHEIROS,Calheiros Energia S.A.
134,359,CAM,Consultoria Agropecuária Magrin Ltda.
135,1126,CAMBARÁ,Cambará S.A. Produtos Florestais
136,392,CAMBARÁ,Pequena Central Hidrelétrica Cachoeira do Cambará Ltda.
137,370,CAMBARÁ,Hidrelétrica Cambará S.A.
138,1009,CAMPO BELO,Campo Belo Energética S.A.
139,764,CAMPO DE CIMA,Energética Campo de Cima da Serra Ltda.
140,485,CAMPOS DE JULIO,Campos de Júlio Energia S.A
141,362,CANAÃ,Canaã Geração de Energia S.A.
142,489,CANDEEIRO,Centrais Candeeiro de Energia S/A
143,1046,CANDENGO,Candengo Energias Renováveis Ltda.
144,363,CANHADÃO,Canhadão Produção de Energia Elétrica LTDA.
145,610,CANTU,Cantu Energética S.A
146,1037,CAPÃO ALTO,PCH Capão Alto Geração de Energia S.A.
147,396,CAPARAÓ,Caparaó Energia S.A
148,1281,CAPIVARA,Hidrelétrica Capivara Ltda.
149,1032,CARAMUJO,Caramujo Energética Ltda.
150,320,CARANGOLA,Carangola Energia S.A
151,1194,CARCIC,CARVIC Empreendimentos e Participações Ltda.
152,1028,CARNAÚBA,Carnaúba Geração de Energia S.A.
153,364,CAROLINA,Carolina Geração de Energia LTDA.
154,486,CASA DE PEDRA,Casa de Pedra Energia S.A
155,117,CASAN,Companhia Catarinense de Águas e Saneamento de SC
156,686,CASSOL,Cassol Centrais Elétricas Ltda.
157,159,CASTAMAN,Castaman Centrais Elétricas Ltda.
158,1097,CASTANHÃO,Central Geradora Hidrelétrica Castanhão S.A.
159,1051,CASTRO ENERGIA,Castro Energia Ltda.
160,1005,CAVALINHOS I,Serra dos Cavalinhos I Energética S.A.
161,746,CAVALINHOS II,Serra dos Cavalinhos II Energética S.A
162,1166,CAVERNOSO III,Cavernoso III Energia SPE Ltda
163,795,CAZUZA,Cazuza Ferreira Energética S.A.
164,137,CBA,Companhia Brasileira de Alumínio-CBA
165,22,CBCC,Cia Brasileira de Carbureto de Cálcio
166,344,CBR,Cachoeira do Brumado Energia Elétrica LTDA.
167,18,CEA,Cia de Eletricidade do Amapá
168,133,CEB,CEB Geração S.A.
169,303,CEBEL,Centrais Elétricas Belém S.A-CEBEL
170,204,CEC,Companhia Energética Chapecó
171,123,CEDAE,Companhia Estadual de Águas e Esgotos
172,691,CEDRO,Rio do Cedro Energia S.A.
173,7,CEEE,Companhia Estadual de Geração e Transmissão de Energia Elétrica-CEEE
174,162,CEESAM,CEESAM Geradora S.A
175,49,CEESC,Comissão de Energia Elétrica de Santa Catarina
176,679,CEI MINAS,CEI Minas PCH Energia Ltda.
177,163,CEJARAGUÁ,Companhia Eletroquímica Jaraguá
178,15,CELESC,Celesc Geração S.A
179,122,CELGPAR,Companhia Celg de Participações - CELGPAR
180,19,CELPA,Centrais Elétricas do Pará  S.A.
181,95,CELTINS,Cia. Energia Elétrica do Estado do Tocantins
182,451,CEMADEN,Centro Nacional de Monitoramento e Alertas de Desastres Naturais.
183,34,CEMAR,Companhia Energética do Maranhão S.A.
184,13,CEMAT,Centrais Elétricas Matogrossenses S.A.
185,23,CEMIG,CEMIG Geração e Transmissão S.A
186,1070,CEMIG CAMARGOS,CEMIG Geração Camargos S.A.
187,1069,CEMIG ITUTINGA,CEMIG Geração Itutinga S.A.
188,1061,CEMIG LESTE,CEMIG  Geração Leste S.A.
189,1071,CEMIG OESTE,CEMIG Geração Oeste S.A.
190,487,CEMIG PCH,Cemig PCH S.A
191,1060,CEMIG SUL,CEMIG Geração Sul S.A.
192,293,CEMTEC-MS,"Centro Estadual de Monitoramento do Tempo, Clima e Rec. Hídricos - MS"
193,488,CENH,Companhia Energética Novo Horizonte-CENH
194,1110,CENTRALGERADORA,Central Geradora Hidrelétrica Forquilha Ltda.
195,226,CEP,Companhia Energética Paulista S.A.
196,62,CEPLAC,Comissão Executiva do Plano de Recuperação Economica-Social da Lavoura Cacaueira
197,212,CER,Centrais Elétricas de Roraima
198,299,CERAN,Companhia Energética Rio das Antas-CERAN
199,74,CERB,Cia de Engenharia Rural da Bahia
200,494,CERBRANORTE,Cerbranorte Geração S.A.
201,1049,CERCAR,Cooperativa de Eletrificação e Desenvolvimento Econômico de Marechal Cândido Rondon
202,1117,CERCAR,Cercar PCH Moinho S.A.
203,166,CERFOX,Cooperativa de Geração e Distribuição de Energia Fontoura Xavier Ltda. - CERFOX
204,167,CERILUZ GERAÇÃO,Cooperativa de Geração de Energia e Desenvolvimento Social Ltda. - Ceriluz Geração
205,132,CERJ,Companhia de Eletricidade do Rio de Janeiro
206,168,CERMISSÕES,Cooperativa de Distribuição e Geração de Energia das Missões Ltda.-CERMISSÕES
207,1168,CERQUINHA,Cerquinha III Energética S.A.
208,1200,CERQUINHA II,Cerquinha II Energética S.A.
209,264,CERSAD,Cooperativa de Geração de Energia Elétrica Salto Donner - CERSAD
210,1044,CERTEL,Certel Energias Renováveis S.A
211,497,CERTEL RASTRO,Certel Rastro de Auto Geração de Energia S.A
212,169,CERTELTEUTONIA,Cooperativa Regional de Desenvolvimento Teutônia Ltda.- CERTEL
213,170,CERTHIL,Cooperativa de Energia e Desenvolvimento Rural Entre Rios Ltda.-CERTHIL
214,440,CERV-PET,Cervejaria Petrópolis do Centro Oeste Ltda.
215,201,CESAN,Companhia Espirito Santense de Saneamento - CESAN
216,213,CESC,Companhia Energética Santa Clara-CESC
217,6,CESP,Companhia Energética de São Paulo-CESP
218,304,CESS,Companhia Energética São Salvador-CESS
219,113,CETESB-SP,Companhia de Tecnologia de Saneamento Ambiental
220,821,CETREL,EMPRESA DE PROTEÇÃO AMBIENTAL S/A
221,369,CÉU AZUL,Geração Céu Azul S.A.
222,172,CFLCL,Companhia Força e Luz Cataguases Leopoldina
223,495,CGEDTJ,Cooperativa de Geração de Energia e Desenvolvimento Taquari-Jacuí
224,79,CGT ELETROSUL,Companhia de Geração e Transmissão de Energia Elétrica do Sul do Brasil - ELETROBRAS CGT ELETROSUL
225,1255,CHALANA,Chalana Energética Ltda.
226,1128,CHALÉ,Central Geradora Hidroelétrica Chalé S.A
227,1295,CHAPADA,Agropecuária Chapada dos Guimaraes S.A
228,1250,CHAPECÓ,Chapecó Geração de Energia Ltda.
229,144,CHAPECOZINHO,Chapecozinho Energética S.A.
230,1155,CHEROBIM,SPE Cherobim Energia S.A.
231,80,CHESF,Companhia Hidro Elétrica do São Francisco-CHESF
232,904,CHILE,Chile
233,1192,CHIMARRÃO,Chimarrão Energética S.A.
234,730,CHIMAY,Chimay Empreendimentos e Participações Ltda.
235,61,CHM,Comando de Hidrografia e Navegação do Ministério da Marinha
236,690,CHOPIM,Chopim Energia S.A
237,561,CHUPINGUAIA,Hidroelétrica Chupinguaia Ltda.
238,53,CIA,Centro Industrial de Aratú
239,1209,CIA,Cia. Bom Sucesso de Eletricidade
240,227,CIA MINAS,Companhia Minas da Passagem
241,503,CIABS,Companhia Bom Sucesso de Eletricidade-CIABS
242,505,CIF,Companhia Industrial Fluminense - CIF
243,951,CIMAG,Cimento Portland Mato Grosso S.A.
244,956,CIMEHGO,Centro de Informações Meteorológicas e Hidrológicas do Estado de Goiás
245,1278,CINÉTICA,Cinética Energia Ltda.
246,1199,CINÉTICA,Cinética Ibicaré Energia Ltda.
247,279,CJ ENERGETICA,CJ Energética S.A
248,508,CJ HIDRO,CJ Hydro - Geração de Energia S. A
249,254,CLFM,Companhia Luz e Força Mococa-CLFM
250,216,CLFSC,Companhia Luz e Força Santa Cruz
251,63,CLM,Comissão da Lagoa Mirim
252,32,CMNP,Cia de Melhoramento Norte do Paraná
253,301,CN ENERGIA,CN Energia S.A
254,758,CNB,Companhia de Nickel do Brasil-CNB
255,86,CNEC,Consorcio Nacional de Engenheiros Consultores
256,1102,COBRE,Rio do Cobre Energia Ltda.
257,410,COBUCCIO,Cobuccio e Almeida Energia Ltda. - EPP
258,428,COCAIS GRANDE,Cocais Grande Energia S/A
259,219,CODESP,Companhia Docas do Estado de São Paulo-CODESP
260,4,CODEVASF,Cia de Desenvolvimento dos Vales do São Francisco e Parnaiba
261,37,COELBA,Cia de Eletricidade do Estado da Bahia
262,106,COGERH-CE,Companhia de Gestão dos Recursos Hídricos - Ceará
263,375,COGESDEC,Conselho dos Gestores Municipais de Defesa Civil do Est. do Rio de Janeiro
264,100,COHIDRO,"Consultoria, Estudos e Projetos"
265,820,COHIDRO-SE,Companhia de Desenvolvimento de Recursos Hídricos e Irrigação de Sergipe
266,1231,COMANDO,Comando da Aeronáutica
267,510,COMOSA,Concessionária Mosquitão S.A-COMOSA
268,382,COMPESA,Companhia Pernambucana de Saneamento
269,259,CONCREMAT,Concremat Engenharia e Tecnologia
270,1299,CONFECÇÕES,Luli Industria e Comercio de Confecções Eireli ME
271,514,CONFLUÊNCIA,Confluência Energia S.A
272,793,CONS.AIMORÉS,Consórcio da Hidrelétrica Aimorés
273,798,CONS.ARROZEIRA,Consórcio PCH Arrozeira Meyer
274,786,CONS.ATERPA,Consórcio Aterpa CCM
275,799,CONS.BAGUARI,Consórcio UHE Baguari
276,800,CONS.CANOAS,Consórcio UHE Canoas
277,787,CONS.CAP.BRANCO,Consórcio Capim Branco Energia
278,1004,CONS.CAPIVARI,Consórcio Cerbranorte-Urbano
279,437,CONS.CECS,Consórcio Energético Cruzeiro do Sul
280,788,CONS.CEMIG-CEB,Consorcio CEMIG-CEB
281,420,CONS.CESAP,Consórcio Empresarial Salto Pilão - CESAP
282,791,CONS.CESTE,Consórcio Estreito Energia - CESTE
283,346,CONS.CORUMBÁIII,Consórcio Empreendedor Corumbá lll
284,802,CONS.DFRANCISCA,Consórcio UHE Dona Francisca
285,784,CONS.FUNIL,Consórcio AHE Funil
286,792,CONS.GESAI,Consórcio GESAI - Geração Santa Isabel
287,803,CONS.GUAPORÉ,Consórcio UHE Guaporé
288,789,CONS.IGARAPAVA,Consórcio da Usina Hidreletrica de Igarapava
289,804,CONS.ITÁ,Consórcio UHE Itá
290,806,CONS.JAURU,Consórcio UHE Jauru
291,807,CONS.LUISMAGA,Consórcio UHE Luis Eduardo Magalhães
292,808,CONS.MACHADINHO,Consórcio UHE Machadinho
293,809,CONS.MANSO,Consórcio UHE Manso
294,810,CONS.PAI QUERÊ,Consórcio UHE Pai Querê
295,408,CONS.PESTRELA,Consórcio AHE Porto Estrela
296,794,CONS.RIOGRANDE,Consórcio PCH Alto Rio Grande
297,811,CONS.RISOLETA,Consórcio UHE Risoleta Neves
298,797,CONS.SELT,Consórcio SELT
299,331,CONS.UHEGA,Consórcio UHE Guilman Amorim
300,483,CONSÓRCIO JONAS,Caeté Empreendimentos Energético Ltda.
301,426,CONSTRUFAM,Construfam Engenharia e Empreendimentos Ltda.
302,139,CONSTRUSERV,Construserv Serviços Gerais Ltda
303,695,CONSTRUTORA LJA,Construtora LJA Ltda.
304,516,CONTESTADO,Contestado Energética S.A
305,44,CONTUR,Contur Energética
306,368,COOP.STA. MARIA,Cooperativa Geradora de Energia Elétrica e Desenvolvimento Santa Maria
307,135,COOPERLUZ,Cooperativa de Geração de Energia e Desenvolvimento COOPERLUZ Geração
308,1211,COOPERMIL,Cooperativa Mista São Luiz LTDA.
309,517,COOPERZEM,Cooperzem Cooperativa de Geração de Energia e Desenvolvimento - Cooperzem Geração
310,54,COPASA-MG,Cia de Saneamento de Minas Gerais
311,28,COPEL,Copel Geração e Transmissão S.A
312,338,COPPE/UFRJ,COPPE/UFRJ
313,176,COPREL,Cooperativa de Geração de Energia e Desenvolvimento-Coprel
314,518,COQUEIRAL,Coqueiral Energética Ltda.
315,519,CORONEL ARAUJO,Coronel Araújo Energética S.A
316,1239,CÓRREGO,Hidroeletrica Córrego Ltda
317,520,CORUMBÁ COM,Corumbá Concessões S.A
318,285,COSTA BARROS,Costa Barros Engenharia
319,178,COSTA RICA,Costa Rica Energética Ltda.
320,523,COTESA,COTESA Geradora de Energia - PCH São Sebastião Ltda.
321,215,COTIPORÃ,Cotiporã Energética S.A.
322,1045,COURO DO CERVO,Couro do Cervo Energia Ltda.
323,525,COVÓ,Covó Geração de Energia Elétrica Ltda.
324,229,CPFL GERAÇÃO,CPFL Geração de Energias S.A.
325,36,CPFL-FERROLIGAS,Cia Paulista de Ferro Ligas
326,526,CPFL-SUL,CPFL Sul Centrais Elétricas Ltda
327,104,CPRH-PE,Companhia Pernambucana do Meio Ambiente
328,82,CPRM,Cia de Pesquisa de Recursos Minerais
329,107,CRA,Centro de Recursos Ambientais da Bahia
330,1205,CRELUZ,COOPERATIVA DE GERAÇÃO DE ENERGIA E DESENVOLVIMENTO
331,179,CRELUZ G,Cooperativa de Geração de Energia e Desenvolvimento
332,300,CRISTALINO,Cristalino Energia Ltda.
333,263,CRISTO REI,Industrias Reunidas Cristo Rei Ltda.
334,294,CRIÚVA,Criuva Energética S.A.
335,218,CSPE,CSPE - Companhia Sul Paulista de Energia
336,33,CTNP,Cia de Terras Norte do Paraná
337,265,CURUÁ,Curuá Energia S.A.
338,1291,CVG-CIA,CVG - Cia. Volta Grande de Papel
339,297,DA ILHA,Da Ilha Energética S.A.
340,68,DAEE-MG,Departamento de Águas e Energia Elétrica de Minas Gerais
341,10,DAEE-SP,Departamento de Águas e Energia Elétrica do Estado de São Paulo
342,492,DARDANELOS,Centrais Elétricas Salto dos Dardanelos S.A
343,387,DCES,Defesa Civil do Estado do Espírito Santo-ES
344,957,DCSC,Defesa Civil de Santa Catarina
345,1253,DELMAX,Delmax - Papelão e Embalagens Ltda.
346,220,DEMEI,Departamento Municipal de Energia de Ijuí-DEMEI
347,1043,DEMEI GERAÇÃO,Departamento Municipal de Energia de Ijuí Geração - DEMEI-Geração
348,65,DEPRC,"Departamento Estadual de Portos, Rios e Canais do Rio Grande do Sul"
349,57,DEPV,Diretoria de Eletrônica e Proteção ao Voo do Ministério da Aeronáutica
350,46,DER-SP,Departamento de Estrada de Rodagem do Estado de São Paulo
351,431,DESENVIX,Desenvix S.A.
352,1139,DESERTO,Central Geradora Hidroelétrica Santana do Deserto Ltda.
353,612,DEUS ENERGÉTICA,Presente de Deus Energética S.A
354,901,DH - URUGUAI,Uruguai
355,1135,DIAMANTINO,Diamantino Energia Ltda
356,119,DINFRA,Departamento Nacional de Infra Estrutura
357,731,DIVISA,Divisa Energia S.A
358,696,DM,DM Construtora de Obras Ltda.
359,66,DMAE,Departamento Municipal de Águas e Esgoto - Porto Alegre / RS 
360,527,DME,DME Energética Ltda.
361,232,DMEDISTR,DME Distribuição S/A
362,3,DNIT,Departamento Nacional de Infra-Estrutura de Transportes 
363,58,DNOCS,Departamento Nacional de Obras Contra as Secas
364,2,DNOS,Departamento Nacional de Obras de Saneamento
365,309,DOBREVÊ,Dobrevê Energética
366,1036,DOIS SALTOS,Dois Saltos Empreendimentos de Geração de Energia Elétrica Ltda.
367,1187,DOMINGOS PRATA,Usina São Domingos do Prata Ltda.
368,1018,DORES,PCH Dores de Guanhães S.A.
369,954,DUALBASE,Dualbase Tecnologia Eletronica Ltda
370,1084,EECO,EECO Jacutinga - Empreendimentos Energéticos do Centro Oeste S.A.
371,337,EEPP,Empresa Energética Porto das Pedras S.A-EEPP
372,26,EESC,Escola de Engenharia de São Carlos
373,16,EEVP,Empresa de Eletricidade Vale do Paranapanema S.A.
374,14,EFMM,Estrada de Ferro Madeira-Mamoré
375,21,EFVM,Estrada de Ferro Vitória-Minas
376,1006,EGP,Enel Green Power Salto Apiacás
377,384,EIRELI,PB Produção de Energia Elétrica - Eireli
378,235,ELECTRA,Electra PCH Buriti SPE S.A.
379,289,ELEJOR,Centrais Elétricas do Rio Jordão S.A-ELEJOR
380,211,ELEKTRO,Instituto Elektro
381,529,ELET. SÃO PEDRO,Eletricidade São Pedro Ltda.
382,173,ELETRAM,Eletricidade da Amazônia S.A-ELETRAM
383,528,ELETRIC,Eletric Fall Ltda.
384,427,ELETRISA,Eletrisa - Operadora de Usinas Ltda.
385,55,ELETROBRÁS,Centrais Elétricas Brasileiras S.A.
386,290,ELETROCESAR,Eletro Cesar Geração de Energia Ltda
387,158,ELETROGOES S/A,Eletrogoes S.A
388,1226,ELETROGOMES,Eletrogomes - Elétrica E Construção Ltda.
389,233,ELETRON,Eletricidade de Rondônia Ltda-ELETRON
390,75,ELETRONORTE,Centrais Elétricas do Norte do Brasil S.A-ELETRONORTE
391,307,ELETROSSOL,Centrais Elétricas Cassol  Ltda.-ELETROSSOL
392,234,ELFSM,Empresa Luz e Força Santa Maria S.A.
393,763,ELMA,Elma Eletricidade de Mato Grosso Ltda.
394,180,ELOI BRUNETTA,Eloi Bruneta e Cia. Ltda.
395,261,ELTAN,Eltan Energética
396,84,EMAE,Empresa Metropolitana de Águas e Energia  S.A-EMAE
397,1207,EMAS,Energética das Emas Ltda.
398,693,EMASA,Empresa Municipal de Saneamento
399,89,EMATER,Empresa Estadual de Assistência Tec. e Ext. Rural
400,152,EMATEX,Ematex Industrial e Comercial Têxtil Ltda.
401,73,EMBASA-BA,Empresa Baiana de Saneamento
402,371,EMBAÚBA,Hidrelétrica Embaúba S.A.
403,42,EMBRAPA/IPAGRO,Empresa Brasileira de Pesquisa Agropecuária
404,97,EMPARN-RN,Empresa de Pesquisa Agropecuária do Rio Grande do Norte
405,417,ENEBRAS,Enebras Projetos de Usinas Hidrelétricas Ltda.
406,704,ENEL BOI,Enel Green Power Cabeça de Boi S.A
407,702,ENEL DA FAZENDA,Enel Green Power da Fazenda S.A
408,1056,ENEL GREEN,Enel Green Power Paranapanema S.A.
409,129,ENERCAN,Campos Novos Energia S.A-ENERCAN
410,1227,ENERCOL,ENERCOL - Energética Oeste Ltda.
411,222,ENERCOOP,Enercoop Ltda.
412,445,ENERGEST,Energest S.A
413,1010,ENERGÉTCANOAS,Companhia Energética Canoas
414,1223,ENERGÉTICA,Energética Aliança Ltda
415,1285,ENERGIA,Energisa Geração - Usina Mauricio S.A.
416,533,ENERGISAFRIBURG,Energisa Nova Friburgo - Distribuidora de Energia S.A
417,278,ENERPEIXE,Enerpeixe S.A
418,130,ENERSUL,Empresa Energética do Mato Grosso do Sul
419,1138,ENERVIX,Enervix Energias do Espiríto Santo
420,223,ENGECORPS,Corpo de Engenheiros Consultores Ltda.
421,138,ENGEP,Engenharia e Pavimentação Ltda
422,112,ENGIE,Engie Brasil Energia S.A.
423,1108,ENGIE BRASIL,Engie Brasil Energia S.A.
424,349,EPA,Eletricidade Paraense Ltda.
425,94,EPAGRI-SC,Empresa de Pesquisa Agrícola de Santa Catarina
426,908,EQUADOR,Equador
427,456,ERSA,ERSA Energias Renováveis s/a
428,342,ESBR,Energia Sustentável do Brasil S.A
429,181,ESCELSA,Espírito Santo Centrais Elétricas S.A.
430,534,ESMERALDA,Esmeralda S.A
431,450,ESPORA,Espora Energética S.A
432,698,ESPRA,Energética Serra da Prata S.A-ESPRA
433,535,ESTAÇÃO INDAIAL,Estação Indaial Energética S.A
434,1245,ESTREITO,Central Geradora Hidrelétrica Estreito Ltda
435,1290,ESTRELA,Estrela Indústria de Papel Ltda
436,747,EUCLIDES,Euclides Maciel Energética S.A.
437,1163,F.D.A.,F.D.A. Geração de Energia Elétrica S.A.
438,35,FABA,Fomento Agrícola da Bahia
439,182,FAIXA AZUL,Faixa Azul Industria de Móveis para Escritório Ltda.
440,1272,FAPOLPA,Fapolpa Indústria de Papel e Embalagens Ltda.
441,39,FASE,Fomento Agrícola de Sergipe
442,183,FAXINAL,Madeireira Faxinal Ltda.
443,801,FAZ.GIRASSOL,Fazenda Girassol
444,1011,FAZENDA VELHA,Energética Fazenda Velha S.A.
445,59,FEEMA,Fundação Estadual de Engenharia do Meio Ambiente - RJ
446,389,FEMARH-RR,Fundação Estadual do Meio Ambiente e Recursos Hídricos de Roraima
447,188,FEPAM-RS,Fundação Estadual de Proteção Ambiental Henrique Luiz Roessler - RS
448,50,FEPASA,Ferrovia Paulista S.A.
449,286,FEPI,Fundação de Ensino e Pesquisa de Itajubá
450,699,FERLIG,Ferro Liga Ltda.-FERLIG
451,955,FERNANDO COSTA,Fernando Costa Faria & CIA LTDA.
452,536,FERREIRAGOMES,Ferreira Gomes Energia S.A
453,205,FERTILIGAS,Fertiligas Industria e Comércio Ltda.
454,537,FIBRA,Fibra Geração Ltda.
455,512,FIGUEIRÓPOLIS,Companhia Hidroelétrica Figueirópolis
456,538,FIRENZE,Firenze Energética S.A
457,341,FLOW,Flow engenharia
458,208,FLP,Ferro Ligas Piracicaba Ltda.-FLP
459,539,FLSS,Força e Luz São Sebastião Ltda.
460,1277,FMG Energia,FMG Energia Ltda.
461,1154,FOCUS,Focus Geração de Energia Ltda.
462,236,FORCEL,Força e Luz Coronel Vivida Ltda.
463,1188,FORMIGUEIRO,Formigueiro Geração E Comercio De Energia Elétrica Ltda.
464,1092,FORQUILHA,Hidrelétrica Forquilha Ltda.
465,1118,FORTALEZA,Fortaleza Energia Ltda.
466,1020,FORTUNA,PCH Fortuna ll S.A.
467,442,FOZ DO CHAPECÓ,Foz do Chapecó Energia S.A
468,312,FOZ DO CHOPIM,Foz do Chopim Energética Ltda.
469,1246,FRASCAL,Frascal Geração De Energias Renováveis Ldta
470,1247,FREDERICO,Hidrelétrica Frederico João Cerutti SA
471,1282,FRONJA,Homero Wagner Fronja
472,9,FUNCEME-CE,Fundação Cearense de Meteorologia e Recursos Hídricos
473,430,FUNDAGRO-SC,Fundação de Apoio ao Desenvolimento Rural Sustentável de Sta. Catarina
474,575,FUNDO,Córrego Fundo SPE Ltda.
475,322,FUNIL,Funil Energia S.A.
476,231,FURG,Universidade Federal do Rio Grande
477,69,FURNAS,Furnas Centrais Elétricas S.A.
478,315,GACEL,Galera Centrais Elétricas S.A-GACEL
479,1156,GALERA,Rio Galera Energética S.A.
480,541,GALHEIROS,Galheiros Geração de Energia Elétrica S.A
481,542,GALÓPOLIS,Galópolis Energia S.A
482,311,GALVÃO ENG.,Galvão Engenharia S.A.
483,638,GARÇA BRANCA,Garça Branca Energética S/A
484,399,GARÇAS ENERGIA,Garças Energia e Participações S.A
485,1177,GARCIA,Hidrelétrica Garcia de Angelina SPE Ltda.
486,543,GÊNESIS,Gênesis Energética S.A
487,1175,GÊNESIS,Gênesis Energia S.A
488,444,GERA,GERA - Consultoria e Empreendimentos Energéticos Ltda
489,1197,GERAÇÃO POÇO,Cemig Geração Poço Fundo S.A.
490,72,GERAL,Cia Geral de Eletricidade
491,548,GERAOESTE,Usinas Elétricas do Oeste S.A.
492,103,GERASUL,Centrais Elétricas do Sul do Brasil
493,766,GERDAU,Gerdau Aços Longos S.A
494,700,GERMAT,Geradora de Energia do Estado de Mato Grosso S.A-GERMAT
495,1029,GESM,Geração de Energia Sul de Minas S.A.
496,1289,GETCO,Getco - Geração de Energia e Transmissão ltda
497,367,GIOVENARDI,Eugênio Giovenardi
498,184,GLOBAL,Global Energia Elétrica S.A.
499,1196,GOIÁS,Goiás Geradora de Energia Renovável S.A.
500,701,GOIAS SUL,Goiás Sul Geração de Energia S.A
501,352,GRANDVIEW,Grandview Energia LTDA
502,688,GRAPON,Centrais Hidrelétricas Grapon Ltda.
503,1078,GUAPORÉ,Nova Guaporé Energética S.A.
504,549,GUARANTÃ,Guarantã Energética Ltda.
505,507,GUASSUPI,Salto do Guassupi Energética S/A
506,910,GUIANA,Guiana
507,912,GUIANA FRANCESA,Guiana Francesa
508,550,HACKER,Hacker Industrial Ltda.
509,1248,HACKER,Hacker Energia Ltda.
510,305,HÁGUAS,Háguas Hidrometria e Telemetria
511,185,HEIDRICH,Heidrich Geração Elétrica Ltda
512,1039,HEIDRICH,Heidrich & Heidrich Ltda.
513,260,HIDRECON,Energia Independente
514,703,HIDREL COMODORO,Hidrelétrica Comodoro Ltda.
515,237,HIDROBASA,Hidrometria da Bahia Ltda.
516,88,HIDROESB,Saturnino de Brito S.A.
517,85,HIDROLOGIA,Engenharia Industria e Comércio S.A.
518,1109,HIDROLUZ,Hidroluz Centrais Elétricas Ltda.
519,333,HIDROMAB,Hidromab - Hidrologia e Meio Ambiente
520,447,HIDROMEC,Hidromec - Industria e Comércio Ltda.
521,563,HIDROPOWER,Hidropower Energia S.A
522,87,HIDROSERVICE,Engenharia de Projetos Ltda.
523,564,HIDROSSOL,Hidrossol Hidroelétricas Cassol Ltda.
524,281,HIDROTÉCNICA,Hidrotécnica Serviços Técnicos Ltda
525,415,HIDROTEL,Hidrotel Hidrometria e Telemetria Ltda
526,238,HIDROTÉRMICA,Hidrotérmica S.A.
527,468,HOBECO,Hobeco Ltda.
528,239,HORIZONTES,Horizontes Energia S.A.
529,504,HTEXTIL,Horizonte Têxtil Ltda.
530,108,HYDROCONSULT,Hydroconsult - Hidrométrica Comércio e Serviços Ltda.
531,60,IAA,Instituto do Açúcar e do Alcool
532,67,IAPAR,Instituto Agronomo do Paraná
533,52,IAT-PR,Instituto Água e Terra do Paraná
534,186,IBEMA,Companhia Brasileira de Papel-IBEMA
535,1091,IBICARÉ,Ibicaré Hidrelétrica Ltda.
536,566,IBIRAMA,Ibirama Energética S.A
537,567,IBITURUNA,Ibituruna Hidrelétrica S.A
538,568,IBÓ,Ibó Energética S.A
539,462,IBRAM,Instituto do Meio Ambiente e dos Recursos Hidricos do Distrito Federal
540,25,ICB,Instituto do Cacau da Bahia
541,30,ICOMI,Indústria e Comércio de Minérios
542,907,IDEAM-COLÔMBIA,"Instituto de Hidrologia, Meteorologia y Estudos Ambientales"
543,434,IDEMA-RN,Instituto de Desenvolvimento Sustentável e Meio Ambiente
544,56,IDESP,Instituto de Desenvolvimento Econômico e Social do Pará
545,96,IEMA-ES,Instituto Estadual de Meio Ambiente e Recursos Hidricos - Espirito Santo
546,443,IFM,IFM - Administração e Participação Ltda.
547,498,IG. CAARATINGA,Iguaçu Caaratinga Energia Ltda.
548,101,IGAM-MG,Instituto Mineiro de Gestão das Águas
549,291,IGARN-RN,Instituto de Gestão das Águas do Estado do Rio Grande do Norte
550,343,IGEO/UFRJ,IGEO/UFRJ
551,165,IGUAÇU,Iguaçu Geração de Energia Ltda.
552,1125,IJUÍ,Ijuí Centenária Geração SPE Ltda.
553,569,IJUI ENERGIA,Ijuí Energia S.A
554,732,ILHA COMPRIDA,Ilha Comprida Energia S.A
555,1271,IMARUÍ,Pequena Central Hidrelétrica Rio Imaruí Ltda.
556,116,IMASUL-MS,Instituto de Meio Ambiente de Mato Grosso do Sul
557,253,IMBEL,Indústria de Material Bélico do Brasil-IMBEL
558,270,INCAPER,Instituto Capixaba de Pesquisa
559,1288,INCOMEX,INCOMEX - Serviços de Construção de Redes de Energia Eletrica Eireli
560,570,INDAIÁ GRANDE,Indaiá Grande Energia S.A
561,571,INDAIAZINHO,Indaiazinho Energia S.A
562,330,INDIAVAI ENERG,Indiavai Energética  S.A.
563,438,INEA-RJ,Instituto Estadual do Ambiente
564,114,INEMA-BA,Instituto do Meio Ambiente e Recursos Hídricos - BA
565,439,INFOPER,Infoper
566,1251,INGÁ,Ingá Energia S.A
567,1140,INGÁ-MIRIM,Ingá-Mirim Energia S.A.
568,5,INMET,Instituto Nacional de Meteorologia
569,127,INPE,Instituto Nacional de Pesquisas Espaciais
570,187,INSAM,Indústrias de Madeiras Santa Maria Ltda.-INSAM
571,1098,INVERNADINHA,Energética Invernadinha Ltda.
572,210,INVESTCO,Investco S.A.
573,770,INXU,Inxú Geradora e Comercializadora de Energia Elétrica S.A.
574,383,IPA-PE,Instituto Agronômico de Pernambuco
575,1286,IPE ENERGIA,IPE Energia Ltda.
576,1305,IPÊ-GERAÇÃO,Ipê Geração de Energia Elétrica Ltda.
577,1183,IPIRA,Ipira Energia SPE Ltda.
578,164,IRANI,Celulose Irani S.A.
579,405,IRARA,Irara Energética S.A
580,572,IRCEL,Irmãos Rodrigues Centrais Elétricas Ltda.-IRCEL
581,40,IRGA,Instituto Riograndense do Arroz
582,313,ISA,Instituto Sócio Ambiental
583,573,ISAMU IKEDA,Isamu Ikeda Energia S.A
584,1222,ITABIRITO,Empreendimento Itabirito Ltda
585,574,ITAGUAÇU,Itaguaçu Energia S.A
586,90,ITAIPU,Itaipu  Binacional
587,670,ITAIQUARA,Usina Itaiquara de Açúcar  e Álcool S.A
588,203,ITAMARATI,Itamarati Norte S.A - Agropecuária
589,805,ITAOCARA,Usina Hidrelétrica Etaocara S.A.
590,206,ITAPEBI,Itapebi Geração de Energia S.A.
591,694,ITAUNENSE,Companhia Industrial Itaunense
592,1101,ITIQUIRA III,PCH Itiquira III Energia SPE S.A.
593,189,ITISA,Itiquira Energética S.A-ITISA
594,511,ITUMIRIM,Companhia Energética Itumirim
595,724,JAAR,Jaar Quimica S.A
596,1019,JACARÉ,PCH Jacaré S.A.
597,671,JACIARA,Usina Jaciara S.A
598,1112,JAGUARA,Companhia Energética Jaguara
599,136,JAGUARI,Jaguari Energética S.A
600,1213,JANUÁRIO,Januário de Napoli Geração de Energia S.A.
601,814,JARDIM,Hidrelétrica Jardim Ltda
602,812,JARI,Companhia Energética do Jari S.A.
603,1119,JASP,Hidrelétrica Jasp Ltda.
604,404,JATAÍ,Jataí Energética S.A
605,1100,JAURU S.A.,PCH Jauru S.A.
606,726,JAYADITYA,Jayaditya Empreendimentos e Participações Ltda.
607,287,JCTM,JCTM Ltda.
608,372,JELU,Hidrelétrica Jelu LTDA.
609,742,JESUITA,Jesuíta Energia S.A
610,351,JFG,JFG Energia S.A
611,771,JMALUCELLI,J. Malucelli Construtora de Obras S/A
612,1268,JORDÃO,Hidrelétrica Vale Do Jordão Ltda.
613,1266,JOVELINO,Jovelino Marcial ME.
614,1252,JPH,JPH Empreendimentos E Participaçoes Ltda.
615,1096,JUÍNA,PCH Juína S.A.
616,325,JURUENA_SA,Juruena Energia S.A.
617,577,JURUMIRIM,Jurumirim Energética S.A
618,1124,KINROSS,Kinross Brasil Mineração S.A.
619,43,KLABIN,Klabin S.A
620,576,KLINGELE,Klingele Paper Nova Campina Ltda
621,565,KUHLEMANN,Hydro Kuhlemann Geração Ltda.
622,317,L&S PAR,L&S PAR LTDA e Alupar Investimento S.A.
623,280,L.D.Q.S.P.E.,L.D.Q.S.P.E. Geração de Energia e Participações Ltda.
624,1137,LACERDÓPOLIS,Lacerdópolis Energia S.A.
625,310,LAFARGE,Lafarge Brasil S.A.
626,192,LAGO AZUL,Lago Azul Ltda.-LASA
627,1016,LAGOA AZUL,Lagoa Azul Energética S.A.
628,578,LAGOAGRANDE,Lagoa Grande Energética S.A
629,1047,LAJARI,Lajari Energética S.A.
630,1023,LAJEADO,Hidroelétrica Lajeado Ltda.
631,1026,LAJES,Lajes Energia S.A.
632,579,LARANJINHA,Laranjinha Energética Ltda.
633,191,LARROSA,Larrosa Construmil
634,672,LAVRINHAS,Usina Paulista Lavrinhas de Energia S.A
635,755,LEÃOBRANCO,Leão Branco Geração de Energia Ltda.
636,1256,LIBERDADE,Liberdade Geração De Energia Ltda.
637,221,LIBRAGA,Libraga Brandão e Cia Ltda
638,1120,LIGEIRO,Rio Ligeiro Energia Ltda.
639,8,LIGHT,Light Energia S.A
640,581,LIGHTGER,Lightger S.A
641,1257,LIMEIRA,Limeira Energia S.A
642,1258,LIMEIRO,Limoeiro Energia S.A.
643,1132,LIMPA,Energia Limpa Participações Ltda.
644,1292,LINDNER,Francisco Lindner Industria e Comercio Ltda.
645,736,LINHA APARECIDA,Coogerva Linha Aparecida Energia S.A
646,459,LINHA EMILIA,Linha Emilia Energética S.A.
647,735,LINHA JACINTO,Coogerva Linha Jacinto Energia S.A
648,1216,LINHA_ONZE,Linha Onze Oeste Energia Ltda.
649,92,LMRS-PB,"Laboratório de Met., Rec. Hid. e Sensoriamento Remoto da Paraíba"
650,1094,LOMBO,Lombo do Cavalo S.A. Geração Elétrica.
651,582,LUDESA,Ludesa Energética S.A
652,583,LUMBRÁS,Lumbrás Energética S.A
653,1249,LUXRAY,Luxray Tecnologia Ltda.
654,1267,LUZ,Da Luz Energia Ltda.
655,348,LUZBOA,Luzboa S.A
656,425,M. SERRAT,Monte Serrat Energética S.A
657,748,MACAÚBAS,Macaúbas Energia Renovável Ltda
658,193,MAFRAS,Mafras Energia Ltda.
659,1145,MAFRÁS ENERGIA,Mafrás Energia e Reflorestamento Ltda.
660,224,MAGGI,Maggi Energia S.A.
661,267,MAGNA,Magna Engenharia Ltda.
662,1283,MAINTENANCE,Maintenance Service Engenharia de Manutenção Ltda
663,555,MALAGONE,Hidrelétrica Malagone S.A
664,705,MALUCELLI,J. Malucelli Energia S.A
665,126,MANASA,Madeireira Nacional S/A
666,585,MANGUEIRA,Mangueira Pedra Energia Ltda.
667,1104,MANSO,Ribeirão Manso Energética Ltda.
668,1090,MANTOVILIS,PCH Mantovilis S.A.
669,1087,MANUEL ALVES,Central Geradora Hidrelétrica Manuel Alves Ltda.
670,586,MARACANÃ,Maracanã Energética S.A
671,587,MARCOL,Madeireira Rio Colorado Ltda.-MARCOL
672,1260,MARGARIDA,Consórcio CGH Margarida.
673,252,MARINGÁ,Maringá S.A. Cimento e Ferro-Liga
674,1181,MAROMBAS I,Hidrelétrica Marombas I SPE Ltda.
675,1182,MAROMBAS II,Hidrelétrica Marombas II SPE Ltda.
676,743,MATA VELHA,Mata Velha Energética S.A
677,1261,MATINUV,Central Hidrelétrica Martinuv Ltda
678,1284,MATO,Usina Rio Do Mato Ltda.
679,460,MAUÊ,Mauê S.A - Geradora e Fornecedora de Insumos
680,1086,MAUÉS,Maués S.A.
681,1262,MAXENERGIA,Maxenergia Geração e Comercialização de Energia Ltda.
682,1033,MAYNART,Maynart Energética Ltda.
683,1129,MAZP,Energias Renováveis Mazp Ltda
684,1147,MÉDIO GARCIA,Médio Garcia Hidrelétrica S.A.
685,706,MEGA ENERGIA,Mega Energia Investimentos e Participações Ltda.
686,1191,MERCANTIL,Mercantil Energia Ltda.
687,760,MEYER,Arrozeira Meyer Energia S.A.
688,749,MF PROJETOS,MF Projetos em Energia Ltda
689,1190,MFB,MFB Participações Ltda.
690,817,MINAS,Rio Minas Energia S.A.
691,560,MINÉ,Hidroelétrica Cachoeira do Miné S.A
692,1263,MIRADOURO,Miradouro Energia S.A.
693,1113,MIRANDA,Companhia Energética Miranda
694,464,MIRIM,Rio Sapucaí Mirim Energia Ltda.
695,589,MIZU,Mizu S.A
696,1165,MLJ,MLJ Energias Renováveis Ltda
697,734,MOHINI,Mohini Empreendimentos e Participações
698,590,MOINHO,Moinho S.A
699,429,MONEL,Monel Monjolinho Energética S.A
700,241,MONTE AZUL,Monte Azul Empreendimentos Imobiliários e Geração de Energia Ltda.
701,496,MORRINHOS,Morrinhos Geração e Comércio de Energia Elétrica Ltda.
702,366,MORRO GRANDE,Hidrelétrica Morro Grande Ltda.
703,70,MORRO VELHO,Mineração Morro Velho S.A.
704,1066,MOURÃO,Enel Green Power Mourão S.A.
705,171,MRN,Mineração Rio do Norte
706,591,MUCURI,Mucuri Energética S.A
707,592,MULTIFASE,Multifase Centrais de Energia do Brasil Ltda.
708,593,MURTA,Murta Energética S.A
709,345,MUXFELDT,Muxfeldt Marin e Cia.
710,111,NATURATINS,Instituto Natureza do Tocantins
711,412,NEOINVEST,Neoinvest Investimentos S.A.
712,721,NHANDU,Usina Elétrica do Nhandu S.A
713,356,NICKEL,Companhia Nickel do Brasil
714,1243,NOAH,Noah S Ark Participações Ltda.
715,594,NORTE ENERGIA,Norte Energia S.A
716,545,NOVA FÁTIMA,Geradora de Energia Nova Fátima S.A
717,707,NOVA JUBA,Nova Juba Energética e Participações S.A
718,1085,NOVACASA,Novacasa Geração de Energia SPE Ltda
719,142,NOVELIS,Novelis do Brasil Ltda.
720,773,NOVO MUNDO,Novo Mundo Energética S.A
721,1265,OEIRAS,Oeiras Empreendimentos e Administração Imobiliárias Ltda.
722,1038,OIAPOQUE,Oiapoque Energia S.A.
723,595,OLVEPAR,Olvepar S.A Indústria e Comércio
724,328,OMBREIRAS,Ombreiras Energética S.A.
725,357,OMEGA,Omega Energia Renovável S.A
726,406,ONIX,Ônix Geração de Energia S.A
727,596,OPM,OPM Empreendimentos S.A
728,1201,OPTIGERA,Optigera S.A.
729,584,OSWALDO,Oswaldo Vicintin PCH Ltda
730,597,OURO,Ouro Energética S.A
731,1134,OURO BRANCO,Central Hidrelétrica Ouro Branco Ltda.
732,1179,PACÍFICO,Pacífico Mascarenhas Energética Ltda.
733,680,PAINEL,Painel Energética S/A
734,1141,PALMEIRAS,Central Hidrelétrica Palmeiras do Tocantins Ltda.
735,335,PAMPEANA,Pampeana Energética S.A.
736,217,PANAMBI,Hidroelétrica Panambi S.A.
737,466,PANTANAL,Pantanal Energética Ltda.
738,1042,PAPELÃO,Papelão Apucaraninha Ltda.
739,276,PAPER,International Paper do Brasil Ltda
740,199,PARÁ DE MINAS,Prefeitura Pará de Minas
741,598,PARACATU,Paracatu Energia S.A
742,903,PARAGUAI,Paraguai
743,1149,PARAÍSO,Hidrelétrica Paraíso SPE Ltda.
744,744,PARANÁ,Paraná Geração de Energia S.A
745,131,PARANAPANEMA,Rio Paranapanema Energia S.A
746,419,PARANATINGA,Paranatinga Energia S.A
747,562,PARDOS,Hidroelétrica Pardos S.A.
748,599,PARECIS,Parecis Energia S.A
749,816,PAREDÃO,Paredão de Minas S.A
750,600,PASSO FERRAZ,Passo Ferraz Energia S.A
751,601,PASSOS MAIA,Passos Maia Energética S.A
752,1075,PAULISTA,Paulista Geradora de Energia Ltda.
753,355,PCE,PCE Projetos e Consultorias e Engenharia Ltda
754,521,PCH AGUTI,COTESA Geradora de Energia - PCH Aguti Ltda.
755,1106,PCH BELEZA,Energética PCH Beleza Ltda.
756,1064,PCH BV II,PCH BV II - Geração de Energia S.A.
757,306,PCH FIGUEIRA,Consórcio PCH Figueira
758,522,PCH NOVA TRENTO,Geradora de Energia - PCH Nova Trento S/A.
759,400,PCH TS S.A.,Pequena Central Hidrelétrica TS S.A.
760,524,PCH VALENTIN,COTESA Geradora de Energia - PCH São Valentin Ltda.
761,544,PCHSANTAROSA,PCH Santa Rosa S.A.
762,1254,PEDRA,Laje de Pedra Geração de Energia Ltda.
763,602,PEDRA FURADA,Pedra Furada Energia S.A
764,1236,PEQUENA CAMBARA,Pequena Central Hidrelétrica Cachoeira Do Cambara LTDA
765,556,PEQUI,Hidrelétrica Pequi S.A
766,604,PERDIZES,Perdizes  Energética Ltda.
767,709,PERFORMANCE,PCH Performance Centrais Hidrelétricas Ltda.
768,751,PESADAS,Centrais Construções Pesadas S.A.
769,242,PESQUEIRO,Pesqueiro Energia S.A.
770,605,PETROBRÁS,Petróleo Brasileiro S.A-PETROBRÁS
771,775,PEZZI,Pezzi Energética S.A
772,1015,PHOENIX,Phoenix Geração de Energia S.A.
773,1269,PIABANHA,Central Hidrelétrica Piabanha Ltda.
774,1105,PIARUCUM,Piarucum Energia Ltda.
775,1270,PICADA,Picada 48 Geração E Comércio De Energia Elétrica Ltda
776,606,PIEDADE,Piedade Usina Geradora de Energia S.A
777,1221,PILLARES,Pillares Energy - Geração De Energia S.A
778,374,PINHAL,Pinhal Geradora de Energia S.A.
779,1273,PINHO,Pinho Past Ltda.
780,1264,PIOLHO,Hidrelétrica Rio Piolho Ltda.
781,557,PIPOCA,Hidrelétrica Pipoca S.A
782,607,PIRACICABA,Piracicaba Geradora de Energia Ltda.
783,243,PIRAPAMA,Companhia Industrial Pirapama
784,1274,PIRAPANEMA,Pirapanema Energia S.A.
785,608,PIRAPETINGA,Pirapetinga Hidrelétrica S.A
786,776,PIRAPORA,Pirapora Energia S.A
787,78,PLANALSUCAR,Programa Nacional de Melhoramento da Cana-de-Açúcar
788,609,PLANALTO,Planalto Energética S.A.
789,740,POÇO FUNDO,Poço Fundo Energia S.A
790,1178,POLIFERTIL,Polifertil Energia Eireli
791,316,PONTE ALTA,Energética Ponte Alta S.A
792,244,PONTE DE PEDRA,Ponte de Pedra Energética S.A.
793,1054,PONTE SERRADA,Ponte Serrada Geração de Energia S.A.
794,174,PORTLAND ITAÚ,Companhia Cimento Portland Itaú
795,1148,PORTO,Porto Energética Ltda.
796,611,PORTO FRANCO,Porto Franco Energética S.A
797,273,POUSO ALTO,Pouso Alto Energia S.A.
798,1107,POWERPROJETOS I,Enel Green Power Projetos I S.A.
799,12,PRADA,Cia Prada de Eletricidade
800,1153,PRADO,Antônio Prado Energia S.A.
801,722,PRATA,Usina Elétrica do Prata Ltda.
802,268,PRCPI,Produtividade Rural Comércio de Peças de Irrigação Ltda.
803,515,PREART,Construtora Preart Ltda.
804,754,PRIMAVERA,Primavera Energia S.A
805,207,PRIMO TEDESCO,Fabrica de Papel Primo Tedesco S.A.
806,358,PROMEL,Promel Ltda.
807,353,PROPOWER,Propower Geradora de Energia Ltda.
808,1296,PUIATTI,Puiatti & Filhos Comércio e Indústria Ltda.
809,1072,PULO,Hidrelétrica Pulo Ltda.
810,470,QUANTA,Quanta Geração S.A.
811,738,QUARTEL DOIS,Quartel Dois Energética S.A
812,739,QUARTEL TRES,Quartel Três Energética S.A
813,737,QUARTEL UM,Quartel Um Energética S.A.
814,710,QUATIARA,Quatiara Energia S.A
815,209,QUEIROS GALVÃO,Queiros Galvão Elétrica S.A.
816,613,QUEIXADA,Queixada Energética S.A
817,673,QUELUZ,Usina Paulista Queluz de Energia S.A
818,506,QUEVEDOS,Quevedos Energética S/A
819,1276,QUILOMBO,Quilombo Energia S.A.
820,1279,RANCHO,Rancho Grande Geração de Energia Ltda.
821,711,RBF GERAÇÃO,RBF Geração de Energia S.A
822,474,RBO,RBO Energia S.A
823,1240,RCM,RCM Recuperação e Comércio de Metais Ltda
824,1081,RECANTO,Recanto Energética SPE S.A.
825,200,RECIMAP,Recimap Industria e Comércio Ltda.
826,953,RENOVA,Fundação Renova
827,502,RENOVÁVEIS,CPFL Energias Renováveis S.A.
828,1074,RETIRO,Bom Retiro Energia Ltda.
829,614,RETIRO BAIXO,Retiro Baixo Energética S.A
830,394,RETIRO CHALÉ,Condomínio  Retiro do chalé
831,407,RETIRO VELHO,Retiro Velho Energética S.A
832,47,RFFSA,Rede Ferroviária Federal S.A.
833,195,RGE,RGE - Rio Grande Energia
834,314,RIACHÃO,Riachão Energética S.A.
835,615,RIACHO PRETO,Riacho Preto Energética S.A
836,753,RIALMA II,Rialma Companhia Energética II S.A
837,752,RIALMA III,Rialma Companhia Energética III S.A
838,296,RIALMA IV,Rialma Companhia Energética IV S/A
839,777,RIALMA V,Rialma Companhia Energética  V S.A
840,1280,RIEGER,Rieger Agropecuária Ltda.
841,414,RIGESA,"Rigesa - Celulose, Papel e Embalagens Ltda."
842,1031,RINCÃO,Rincão Energia S.A.
843,436,RINCÃO ALBINOS,Rincão dos Albinos Energética S/A
844,501,RINCÃOSÃOMIGUEL,Rincão São Miguel Energética S/A
845,433,RIO AGUA CLARA,Rio água Clara Energia S.A.
846,712,RIO BONITO,Rio Bonito Energia Ltda.
847,255,RIO BRANCO,Cimento Rio Branco S.A.
848,616,RIO CANOAS,Rio Canoas Energia S.A
849,1176,RIO CLARO,Hidrelétrica Rio Claro Ltda
850,461,RIO CLARO,Foz do Rio Claro Energia S.A.
851,617,RIO CORRENTE,Rio Corrente S.A
852,692,RIO DAS FLORES,Companhia Energética Rio das Flores S.A
853,1142,RIO DAS PEDRAS,Energética Rio das Pedras SPE Ltda.
854,603,RIO DO BRAÇO,Pequena Central Hidrelétrica Rio do Braço S.A
855,274,RIO DO SANGUE,Rio do Sangue Energia S.A.
856,1035,RIO DO SAPO,SPE Rio do Sapo Energia S.A
857,687,RIO ENGANADO,Hidrelétrica Rio Enganado Ltda.
858,546,RIO FORTUNA,Geradora de Energia Rio Fortuna S.A
859,619,RIO GLÓRIA,Rio Glória Energética S.A
860,376,RIO JORDÃO,Rio Jordão Papéis S.A.
861,727,RIO MANHUAÇU,Rio Manhuaçu Energética S.A
862,1202,RIO NOVO,Companhia Energética Rio Novo
863,1062,RIO PARANÁ,Rio Paraná Energia S.A.
864,713,RIO PCH,Rio PCH I S.A
865,257,RIO PEDRINHO,Energética Rio Pedrinho S.A.
866,714,RIO POMBA,Rio Pomba Energética S.A
867,240,RIO SÃO MARCOS,Hidrelétrica Rio São Marcos Ltda.
868,715,RIO SIRINHAÉM,Rio Sirinhaém Energia Ltda.
869,469,RIO SUCURIÚ,Rio Sucuriú Energia S.A.
870,491,RIO TIGRE,Centrais Elétricas Rio Tigre S.A
871,1111,RIO TURVO,Rio Turvo Energética SPE S/A
872,373,RIO VITORINO,Hidrelétrica Rio Vitorino LTDA.
873,1217,RIO_PRETO,Companhia Energética Rio Preto S.A.
874,697,RIOGRANDE,Geração Hidroelétrica Rio Grande S.A.
875,452,RIOVERDE SALTO,Rio Verde Energia S.A - UHE Salto
876,666,RIOVERMELHO,Usina Rio Vermelho de Energia Ltda.
877,1206,RODÃO,Energética Rodão Ltda.
878,1171,RODEIO,Rodeio Energética S.A.
879,620,RODEIO BONITO,Rodeio Bonito Hidrelétrica S.A
880,621,RONDINHA ENERG.,Rondinha Energética S.A
881,622,RONDINHA GERAD.,Rondinha Geradora de Energia Ltda.
882,623,RONDON,Rondon Energia S.A
883,1151,RONFIM,CGH Bandiera Ronfim Geração de Energia Ltda
884,1198,RORAIMA,Roraima Energia S.A.
885,1099,ROSA ENERGIA,Santa Rosa Energia e Participações S.A.
886,245,ROSAL,Rosal Energia S.A.
887,558,ROSSI,Hidrelétrica Rossi Ltda.
888,1244,ROVEMA,Rovema Energia S.A.
889,272,ROVENA,Rovena - Veículos e Máquinas Ltda.
890,490,RPEE,Companhia RPee Energia
891,118,RTK,RTK Engenharia
892,778,RVERDE-QUEBRADA,Rio Verde Energia S.A - Canoa Quebrada
893,624,SÁ CARVALHO,Sá Carvalho S.A
894,48,SAA-SP,Secretaria de  Estado da Agricultura e Abastecimento de São Paulo
895,38,SABA,Secretaria da Agricultura da Bahia
896,71,SABESP,Companhia de Saneamento Básico do Estado de São Paulo-SABESP
897,324,SAJESA,Salto Jauru Energética S.A-SAJESA
898,1195,SALGADO,Salgado Geradora de Energia Renovável S.A
899,1220,SALTINHO,Saltinho Energia S.A.
900,256,SALTO DO LOBO,Companhia Energética Salto do Lobo Ltda.
901,1067,SALTO GRANDE,CEMIG Geração Salto Grande S.A.
902,796,SALTO NATAL,Energética Salto Natal S.A.
903,625,SALTO NUVENS,Salto das Nuvens Investimentos e Participações Ltda.
904,465,SALTODASFLORES,Central Hidrelétrica Salto das Flores S.A
905,196,SAMARCO,Samarco Mineração S.A.
906,27,SANBRA,Sociedade Algodoeira do Nordeste do Brasil
907,757,SANEAGO,Saneamento de Goiás S/A.
908,379,SANEATINS,Companhia de Saneamento do Tocantins
909,98,SANEPAR,Cia de Saneamento do Paraná
910,626,SANTA ANA,Santa Ana Energética S/A
911,1082,SANTA BRANCA,Hidrelétrica Santa Branca S.A.
912,627,SANTA CLARA,Santa Clara Indústria de Cartões Ltda.
913,416,SANTA CRUZ,Santa Cruz Geração de Energia S.A
914,397,SANTA FÉ,Santa Fé Energia S.A
915,628,SANTA GABRIELA,Santa Gabriela Energética S.A
916,630,SANTA LAURA,Santa Laura S.A
917,509,SANTA LUZIA,Hidroelétrica Santa Luzia Ltda.
918,716,SANTA MARIA,Santa Maria Companhia Papel e Celulose
919,432,SANTA PAULA,Santa Paula Energia Ltda
920,632,SANTA ROSA,Santa Rosa S.A
921,1160,SANTA-LUZIA,Geração de Energia Santa Luzia SPE S.A
922,815,SANTAFÉ,Santa Fé Energética Ltda.
923,1158,SANTANA,Foz do Santana Geração de Energia S.A.
924,1159,SANTANA,Santana Energética Ltda
925,246,SANTANENSE,Companhia Tecidos Santanense
926,631,SANTAROSA-1,Santa Rosa Energética S.A
927,1204,SANTO ANJO,CGH SANTO ANJO GERAÇÃO DE ENERGIA LTDA.
928,1297,SANTO ANTÔNIO,Santo Antonio Geração de Energia Ltda.
929,354,SANTO ANTÔNIO,Santo Antônio Energia S.A
930,1172,SÃO CARLOS,São Carlos Energia Ltda
931,453,SÃO GERALDO,São Geraldo Energética S/A
932,1079,SÃO JOÃO II,Hidrelétrica São João II SPE Ltda
933,308,SÃO JOAQUIM,São Joaquim Energia S.A
934,1077,SÃO LUIZ,São Luiz Energia S.A.
935,1063,SÃO LUIZ,São Luiz Energética S.A.
936,1008,SÃO MANOEL,Empresa de Energia São Manoel S.A.
937,435,SÃO MARCOS,Hidrelétrica São Marcos
938,547,SÃO MAURICIO,Geradora de Energia São Maurício S.A
939,1150,SÃO PATRÍCIO,Companhia São Patrício de Geração e Transmissão de Energia Elétrica - CSPG&T
940,633,SÃO PAULO,São Paulo Energética S.A .
941,424,SÃO PEDRO,São Pedro Energia S.A
942,377,SÃO ROQUE,São Roque Energética S.A
943,781,SÃO SEBASTIÃO,São Sebastião Empreendimentos S.A
944,319,SÃO SIMÃO,São Simão Energia S.A
945,634,SÃO TADEU,São Tadeu Energética S.A
946,635,SAPEEL,Sociedade Amapaense de Produção de Energia Elétrica Ltda.-SAPEEL
947,636,SAPEZAL,Sapezal Energia S.A
948,1122,SARGENTO,Rio Sargento Energia S.A.
949,1014,SAVANA,Savana Geração de Energia S.A.
950,24,SCHLEMN,Cia Alexandre Schlemn
951,779,SCRUZ- POWER,Santa Cruz Power Corporation Usinas Hidroelétricas S.A
952,1169,SDE-SC,Secretaria de Estado do Desenvolvimento Econômico Sustentável
953,102,SDM-DF,Secretaria de Estado de Desenvolvimento Urbano e Meio Ambiente
954,1002,SEBAST ENERGIA,São Sebastião Energia Ltda.
955,1083,SECRETÁRIO,Secretário Energia S.A.
956,914,SECTEC-GO,Secretaria de Ciência e Ecnologia do estado de Goiás
957,115,SEDAM-RO,Secretaria de Estado do Desenvolvimento Ambiental - RO
958,745,SEGREDO,Segredo Energia S.A
959,275,SEIVA,SEIVA Engenharia e Projetos Ambientais Ltda.
960,282,SEIVAL,SEIVAL Usina Termelétrica Ltda
961,380,SEMA-AC,Secretaria de Meio Ambiente do Estado do Acre
962,756,SEMA-AM,Secretaria de Estado do Meio Ambiente
963,105,SEMA-AP,Secretaria de Meio Ambiente do Estado do Amapá
964,391,SEMA-MA,Secretaria de Estado de Meio Ambiente e Recursos Naturais - Maranhão
965,386,SEMA-MS,Secretaria de Meio Ambiente do Estado do Mato Grosso do Sul
966,91,SEMA-MT,Secretaria de Meio Ambiente do Estado do Mato Grosso
967,266,SEMA-RS,Secretaria de Meio Ambiente do Estado do Rio Grande do Sul
968,388,SEMACE-CE,Superintendência Estadual do Meio Ambiente
969,120,SEMAD-GO,Secretaria do Meio Ambiente e Recursos Hídricos - GO
970,390,SEMADES-TO,Secretaria do Meio Ambiente e Desenvolvimento Sustentável - TO
971,121,SEMARH-AL,Secretaria do Meio Ambiente e  Recursos Hídricos - AL
972,283,SEMARH-PI,Secretaria do Meio Ambiente e Recursos Hídricos - PI
973,378,SEMARH-RN,Secretaria do Meio Ambiente e Recursos Hídricos - RN
974,258,SEMARH-TO,Secretaria do Meio Ambiente e Recursos Hídricos - TO
975,403,SEMAS-PA,Secretaria do Meio Ambiente e Sustentabilidade do Estado do Pará
976,251,SEMESA,Semesa S.A.
977,906,SENAMHI-PERU,Servicio Nacional de Meteorologia e Hidrologia del Perú
978,262,SENGES,Senges Papel e Celulose Ltda.
979,1021,SENHORA,PCH Senhora do Porto S.A.
980,1073,SENS,Hidrelétrica Sens Ltda.
981,175,SERHMA-SE,Secretaria do Meio Ambiente e Recursos Hídricos - SE
982,76,SERLA-RJ,Superintendência Estadual de Rios e Lagoas do Rio de Janeiro
983,1180,SERRA,Serra Negra Energia S.A.
984,1210,SERRA,Companhia Energética Águas da Serra S.A.
985,334,SERRA DO FACÃO,Serra do Facão Energia S.A.
986,667,SERRA GRANDE,Usina Serra Grande S.A
987,323,SERRA NEGRA,Serra Negra Energética S.A.
988,457,SERRANA,Serrana Energética S.A.
989,554,SERRAVELHA,Hidrelétrica Serra Velha Ltda.
990,952,SERVENG,Serveng Civilsan S.A. - Empresas Associadas de Engenharia
991,780,SF ENERGÉTICA,Santa Fé Energética S.A
992,411,SF PRODUÇÃO,SF Produção de Energia Elétrica Ltda.
993,418,SHM,"SHM - Sistemas Hídricos, Medição e Controle Ltda."
994,1230,SIDERURGIA,VDL Siderurgia Ltda
995,1057,SIGMA,Sigma Energia S.A.
996,1184,SILVEIRA II,Silveira II Energética S.A.
997,1157,SILVEIRA III,Silveira III Energética S.A.
998,1115,SIMÃO,UHE São Simão Energia S.A.
999,124,SIMEHGO,Sistema de Meteorologia e Hidrologia do Estado de Goiás
1000,93,SIMEPAR,Sistema Meteorológico do Paraná
1001,1300,SIMONÉSIA,Simonésia Energia S.A.
1002,1017,SINOP,Companhia Energética Sinop S.A.
1003,1146,SIRIVERA,Central Hidrelétrica Sirivera Ltda.
1004,109,SNIRH-MA,Sistema Nacional de Informações sobre Recursos Hídricos - Maranhão
1005,640,SOCIBE,Socibe Energia S.A
1006,1121,SOCIEDADE,Sociedade Urbano Cerbranorte - Geração de Energia Elétrica SPE Ltda.
1007,641,SOPAVE,Sopave Norte S.A Mercantil Rural
1008,51,SOPRS,Secretaria de Obras Públicas e Saneamento do Estado do Rio Grande do Sul
1009,29,SOUZA CRUZ,Cia de Cigarros Souza Cruz Indústria e Comércio Ltda.
1010,650,SPE ÁGUIA,SPE Ninho da Águia Energia S.A
1011,642,SPE AIURUOCA,SPE Aiuruoca Energia S.A
1012,782,SPE ALTO GARCIA,SPE Alto Garcia Energética S.A.
1013,643,SPE ALTO IRANI,SPE Alto Irani Energia S.A
1014,454,SPE ARVOREDO,SPE Arvoredo Energia S.A
1015,644,SPE BAHIA,SPE Bahia PCH I S.A
1016,648,SPE COCAIS,SPE Cocais Grande Energia S.A
1017,649,SPE CORR.GRANDE,SPE Corrente Grande Energia S.A
1018,463,SPE CRAVARI,SPE Cravari Geração de Energia S.A
1019,395,SPE CRISTINA,SPE Cristina Energia S.A.
1020,655,SPE GONÇALO,SPE São Gonçalo Energia S.A
1021,646,SPE GRANDE I,SPE Cachoeira Grande Energia S.A
1022,647,SPE GRANDE II,SPE Cachoeira Grande II Energia S.A
1023,717,SPE GUANHÃES,SPE Guanhães Energia S.A
1024,645,SPE PACIÊNCIA,SPE Barra da Paciência Energia S.A
1025,455,SPE PAIOL,SPE Paiol Energia S.A
1026,718,SPE PEIXE,SPE Peixe Energia S.A
1027,651,SPE PLANO ALTO,SPE Plano Alto Energia S.A
1028,652,SPE SALTO GOES,SPE Salto Góes Energia S.A
1029,653,SPE SANTA CRUZ,SPE Santa Cruz Energia S.A
1030,654,SPE SANTA LUZIA,SPE Santa Luzia Energética S.A
1031,532,SPE SAUDADES,SPE Energética Saudades S.A
1032,664,SPE TURVO,SPE Turvo Energia S.A
1033,657,SPE V. ALEGRE,SPE Várzea Alegre Energia S.A
1034,656,SPE VARGINHA,SPE Varginha Energia S.A
1035,1259,SPECH,SPECHT Produtos Alimentícios Ltda.
1036,618,SPVR,S.P.V.R. Geração e Comercialização de Energia Elétrica Ltda.
1037,381,SRHE-PE,Secretaria de Recursos Hídricos e Energéticos - PE
1038,423,ST HIDRO,ST Hidro Ltda.
1039,629,STAHELENALTDA,Santa Helena Energia Ltda.
1040,1012,STAHELENASA,Santa Helena Energia S.A
1041,818,STAHELENAYPE,Santa Helena Energia S.A.
1042,1059,STATKRAFT,Statkraft Energias Renováveis S.A.
1043,45,STEVENSON,F. Stevenson e Companhia
1044,767,SUCUPIRA,Hidrelétrica Sucupira S.A
1045,1144,SUCURI,Central Hidrelétrica Sucuri S.A.
1046,64,SUDAM,Superintendência do Desenvolvimento da Amazônia
1047,11,SUDENE,Superintendência do Desenvolvimento do Nordeste
1048,1114,SUDOESTE,Sudoeste Energia Ltda.
1049,1093,SUL ENERGIA,Brasil Sul Energia S.A.
1050,17,SUL PAULISTA,Empresa de Eletricidade Sul Paulista S.A.
1051,247,SULGIPE,Companhia Sul Sergipana de Eletricidade
1052,911,SURINAME,Suriname
1053,1203,SUZANO,Suzano S.A.
1054,1123,SZO,SZO Empreendimentos Ltda.
1055,588,TABOCA,Mineração Taboca S.A
1056,1164,TAGUÁ,Taguá Energia Ltda
1057,277,TAIRETÁ,Tairetá Eletricidade Ltda.
1058,719,TAMANDUÁ,Tamanduá Energia S.A
1059,658,TAMBAÚ,Tambaú Energética S.A
1060,1027,TAMBORIL,Tamboril Energética S.A.
1061,449,TANGARÁ,Tangará Energética S.A.
1062,783,TAPIRAPUAN,Tapirapuan S.A Indústria e Comércio
1063,1301,TAPUIAS,Central Hidrelétrica Tapuias Ltda.
1064,1302,TAPUIRAMA,Tapuirama Comércio de Energia SPE Ltda.
1065,271,TATUÍ,Companhia Energética Tatuí Ltda
1066,248,TECEL.SÃO PEDRO,Tecelagem São Pedro
1067,161,TECIDOS CEDRO,Companhia Fiação Tecidos Cedro Cachoeira
1068,659,TECNOVOLT,Tecnovolt Centrais Elétricas S.A
1069,660,TELEGRÁFICA,Telegráfica Energia S.A
1070,750,TELES PIRES,Companhia Hidrelétrica Teles Pires
1071,1303,TEODORO,Consórcio Teodoro Ltda.
1072,1053,TIBAGI,Tibagi Energia SPE S.A.
1073,661,TIGRE,Tigre Produção de Energia Elétrica Ltda.
1074,1024,TIJOÁ,Tijoa Participações e Investimentos S.A.
1075,1228,TIMBÓ,Timbó Energia Ltda
1076,1208,TITO,Tito Produtora de Energia Elétrica SPE Ltda.
1077,365,TOCANTINS,Tocantins Energética S.A.
1078,1304,TOLEDO,Toledo Energia Renovável Ltda
1079,1041,TOUROS IV,Touros IV Energética S.A.
1080,1161,TRANSLEAD,Translead Empreendimentos e Incorporações Ltda.
1081,198,TRAPICHE,Usina Trapiche S.A.
1082,1030,TRÊS LEÕES,Três Leões Participações S.A.
1083,1068,TRÊS MARIAS,CEMIG Geração Três Marias S.A.
1084,1218,TRÍADE,Tríade Energias Renováveis S.A.
1085,197,TROMBINE,Trombine Papel e Embalagens S.A.
1086,662,TUDELÂNDIA,Tudelândia Central Elétrica S.A
1087,663,TUPAN,Tupan Energia Elétrica Ltda.
1088,347,UERJ/UFF,UERJ/UFF
1089,413,UFAC,Universidade Federal do Estado do Acre
1090,125,UFAM,Universidade Federal do Estado do Amazonas
1091,140,UFBA,Universidade Federal da Bahia
1092,202,UFC,UFC Engenharia
1093,269,UFPA,Universidade Federal do Pará
1094,249,UFRP,Universidade Federal Rural de Pernambuco
1095,128,UFSM,Universidade  Federal de Santa Maria - RS
1096,1215,UHE_JURUENALtda,UHE Juruena Ltda
1097,295,UHRGL,Usina Hidrelétrica Rio Grande Ltda
1098,665,UNAI BAIXO,Unaí Baixo Energética S.A
1099,250,UNB,Universidade de Brasília
1100,177,UNICAMP,Universidade de Campinas
1101,421,UNITINS,Fundação Universidade do Tocantins
1102,1003,URBANO,Urbano Agroindustrial Ltda.
1103,41,USIBA,Usina Siderurgica da Bahia
1104,668,USINACACHOEIRA,Usina Hidrelétrica Cachoeira Ltda.
1105,669,USINACUBATÃO,Usina Hidrelétrica Cubatão S.A
1106,674,USINAUNIÃO,Usina União e Indústria S.A
1107,1306,UVAIÁ,Energética Uvaiá Ltda.
1108,1167,VALE,Vale do Cavernoso Geração de Energia Ltda
1109,81,VALE,Vale S.A.
1110,1189,VALE DO RIO,Vale do Rio Grande Reflorestamento Ltda.
1111,228,VALE-ITV,Instituto Tecnológico Vale - ITV
1112,1136,VALENTIM,São Valentim Geração de Energia S.A.
1113,580,VALLE,Valle Sul Energia S.A.
1114,1162,VARGEÃO,Geradora de Energia Vargeão Ltda
1115,327,VARZEA DO JUBA,Várzea do Juba Energética S.A.
1116,1241,VELHO,Vermelho Velho Energia S.A.
1117,402,VÊNETO,Vêneto Energética S.A.
1118,909,VENEZUELA,Venezuela
1119,385,VERACRUZ,Soluções Geofísicas e Geológicas
1120,1025,VERDE 02,Verde 02 Energética Ltda.
1121,1034,VERDE 08,Verde 08 Energia S.A.
1122,1022,VIBRAL,Construtora Vibral Ltda.
1123,214,VISTA,Bela Vista Geração de Energia S.A.
1124,134,VITERBO,Viterbo Machado Luz Mineração Ltda.
1125,823,VLF,VLF Serviços
1126,1214,VOLTA GRANDE,ENEL GREEN POWER VOLTA GRANDE S.A.
1127,1050,VORTEX,Vortex Energia Ltda.
1128,675,VOTORCIM I,Votorantim Cimentos  N/NE S.A
1129,725,VOTORCIM II,Votorantim Cimentos S.A
1130,639,VOTORSIDERURGIA,Votorantim Siderurgia S.A.
1131,1242,WASSER,WASSER KRAFT Geração de Energia Elétrica Ltda
1132,676,XAVANTINA,Xavantina Energética S.A
1133,1152,ZARWAL,Zarwal de Participação Ltda.
1134,741,ZÉ TUNIN,Zé Tunin S.A
1135,677,ZIHUATANEJO,Zihuatanejo do Brasil Açúcar e Álcool Ltda.
1136,723,ZONA DA MATA,Zona da Mata Geração S.A
